court_code,court_name,year,source_documents,held_documents,remaining_documents,coverage
1_12,"High Court of Jammu and Kashmir",1950,1,1,0,1.000000
1_12,"High Court of Jammu and Kashmir",1951,1,1,0,1.000000
1_12,"High Court of Jammu and Kashmir",1999,1,0,1,0.000000
1_12,"High Court of Jammu and Kashmir",2000,1,0,1,0.000000
1_12,"High Court of Jammu and Kashmir",2002,5,0,5,0.000000
1_12,"High Court of Jammu and Kashmir",2003,4,0,4,0.000000
1_12,"High Court of Jammu and Kashmir",2004,5,0,5,0.000000
1_12,"High Court of Jammu and Kashmir",2005,44,0,44,0.000000
1_12,"High Court of Jammu and Kashmir",2006,11,0,11,0.000000
1_12,"High Court of Jammu and Kashmir",2007,46,0,46,0.000000
1_12,"High Court of Jammu and Kashmir",2008,95,0,95,0.000000
1_12,"High Court of Jammu and Kashmir",2009,117,0,117,0.000000
1_12,"High Court of Jammu and Kashmir",2010,143,0,143,0.000000
1_12,"High Court of Jammu and Kashmir",2011,132,0,132,0.000000
1_12,"High Court of Jammu and Kashmir",2012,236,0,236,0.000000
1_12,"High Court of Jammu and Kashmir",2013,232,0,232,0.000000
1_12,"High Court of Jammu and Kashmir",2014,203,0,203,0.000000
1_12,"High Court of Jammu and Kashmir",2015,277,0,277,0.000000
1_12,"High Court of Jammu and Kashmir",2016,341,333,8,0.976540
1_12,"High Court of Jammu and Kashmir",2017,3029,3029,0,1.000000
1_12,"High Court of Jammu and Kashmir",2018,2804,2804,0,1.000000
1_12,"High Court of Jammu and Kashmir",2019,8098,8097,1,0.999877
1_12,"High Court of Jammu and Kashmir",2020,18809,18809,0,1.000000
1_12,"High Court of Jammu and Kashmir",2021,21153,21152,1,0.999953
1_12,"High Court of Jammu and Kashmir",2022,14442,14442,0,1.000000
1_12,"High Court of Jammu and Kashmir",2023,12700,12700,0,1.000000
1_12,"High Court of Jammu and Kashmir",2024,10960,10958,2,0.999818
1_12,"High Court of Jammu and Kashmir",2025,13532,13531,1,0.999926
1_12,"High Court of Jammu and Kashmir",2026,6178,6177,1,0.999838
10_8,"Patna High Court",1967,1,1,0,1.000000
10_8,"Patna High Court",1972,1,1,0,1.000000
10_8,"Patna High Court",1975,1,1,0,1.000000
10_8,"Patna High Court",1977,1,1,0,1.000000
10_8,"Patna High Court",1978,3,3,0,1.000000
10_8,"Patna High Court",1979,3,3,0,1.000000
10_8,"Patna High Court",1980,3,3,0,1.000000
10_8,"Patna High Court",1982,3,3,0,1.000000
10_8,"Patna High Court",1983,3,3,0,1.000000
10_8,"Patna High Court",1984,2,2,0,1.000000
10_8,"Patna High Court",1985,2,2,0,1.000000
10_8,"Patna High Court",1986,3,3,0,1.000000
10_8,"Patna High Court",1987,6,6,0,1.000000
10_8,"Patna High Court",1988,5,5,0,1.000000
10_8,"Patna High Court",1989,8,8,0,1.000000
10_8,"Patna High Court",1990,14,14,0,1.000000
10_8,"Patna High Court",1991,14,14,0,1.000000
10_8,"Patna High Court",1992,19,19,0,1.000000
10_8,"Patna High Court",1993,29,29,0,1.000000
10_8,"Patna High Court",1994,17,17,0,1.000000
10_8,"Patna High Court",1995,11,11,0,1.000000
10_8,"Patna High Court",1996,19,0,19,0.000000
10_8,"Patna High Court",1997,24,0,24,0.000000
10_8,"Patna High Court",1998,23,0,23,0.000000
10_8,"Patna High Court",1999,24,0,24,0.000000
10_8,"Patna High Court",2000,50,0,50,0.000000
10_8,"Patna High Court",2001,30,0,30,0.000000
10_8,"Patna High Court",2002,50,0,50,0.000000
10_8,"Patna High Court",2003,48,0,48,0.000000
10_8,"Patna High Court",2004,59,0,59,0.000000
10_8,"Patna High Court",2005,117,0,117,0.000000
10_8,"Patna High Court",2006,186,0,186,0.000000
10_8,"Patna High Court",2007,573,0,573,0.000000
10_8,"Patna High Court",2008,44859,0,44859,0.000000
10_8,"Patna High Court",2009,71211,0,71211,0.000000
10_8,"Patna High Court",2010,81983,0,81983,0.000000
10_8,"Patna High Court",2011,91446,0,91446,0.000000
10_8,"Patna High Court",2012,89309,0,89309,0.000000
10_8,"Patna High Court",2013,80251,6496,73755,0.080946
10_8,"Patna High Court",2014,79395,79366,29,0.999635
10_8,"Patna High Court",2015,98159,98159,0,1.000000
10_8,"Patna High Court",2016,86417,0,86417,0.000000
10_8,"Patna High Court",2017,95440,0,95440,0.000000
10_8,"Patna High Court",2018,115394,0,115394,0.000000
10_8,"Patna High Court",2019,115597,0,115597,0.000000
10_8,"Patna High Court",2020,50956,0,50956,0.000000
10_8,"Patna High Court",2021,58150,44764,13386,0.769802
10_8,"Patna High Court",2022,117116,41768,75348,0.356638
10_8,"Patna High Court",2023,135913,135886,27,0.999801
10_8,"Patna High Court",2024,123106,8400,114706,0.068234
10_8,"Patna High Court",2025,112625,112613,12,0.999893
10_8,"Patna High Court",2026,58193,58185,8,0.999863
11_24,"High Court of Sikkim",2000,8,8,0,1.000000
11_24,"High Court of Sikkim",2001,5,5,0,1.000000
11_24,"High Court of Sikkim",2002,9,9,0,1.000000
11_24,"High Court of Sikkim",2003,59,59,0,1.000000
11_24,"High Court of Sikkim",2004,78,77,1,0.987179
11_24,"High Court of Sikkim",2005,63,63,0,1.000000
11_24,"High Court of Sikkim",2006,55,55,0,1.000000
11_24,"High Court of Sikkim",2007,50,50,0,1.000000
11_24,"High Court of Sikkim",2008,56,56,0,1.000000
11_24,"High Court of Sikkim",2009,64,64,0,1.000000
11_24,"High Court of Sikkim",2010,65,62,3,0.953846
11_24,"High Court of Sikkim",2011,43,35,8,0.813953
11_24,"High Court of Sikkim",2012,38,38,0,1.000000
11_24,"High Court of Sikkim",2013,36,36,0,1.000000
11_24,"High Court of Sikkim",2014,117,117,0,1.000000
11_24,"High Court of Sikkim",2015,66,66,0,1.000000
11_24,"High Court of Sikkim",2016,61,61,0,1.000000
11_24,"High Court of Sikkim",2017,183,183,0,1.000000
11_24,"High Court of Sikkim",2018,145,145,0,1.000000
11_24,"High Court of Sikkim",2019,224,224,0,1.000000
11_24,"High Court of Sikkim",2020,135,135,0,1.000000
11_24,"High Court of Sikkim",2021,213,213,0,1.000000
11_24,"High Court of Sikkim",2022,156,156,0,1.000000
11_24,"High Court of Sikkim",2023,148,148,0,1.000000
11_24,"High Court of Sikkim",2024,131,131,0,1.000000
11_24,"High Court of Sikkim",2025,150,150,0,1.000000
11_24,"High Court of Sikkim",2026,82,82,0,1.000000
14_25,"High Court of Manipur",2005,5,5,0,1.000000
14_25,"High Court of Manipur",2016,1,1,0,1.000000
14_25,"High Court of Manipur",2017,854,854,0,1.000000
14_25,"High Court of Manipur",2018,1780,1780,0,1.000000
14_25,"High Court of Manipur",2019,2526,2526,0,1.000000
14_25,"High Court of Manipur",2020,884,884,0,1.000000
14_25,"High Court of Manipur",2021,1673,1673,0,1.000000
14_25,"High Court of Manipur",2022,2970,2970,0,1.000000
14_25,"High Court of Manipur",2023,1885,1885,0,1.000000
14_25,"High Court of Manipur",2024,4334,2185,2149,0.504153
14_25,"High Court of Manipur",2025,2678,2677,1,0.999627
14_25,"High Court of Manipur",2026,1305,1305,0,1.000000
16_20,"High Court of Tripura",2001,2,2,0,1.000000
16_20,"High Court of Tripura",2002,1,1,0,1.000000
16_20,"High Court of Tripura",2003,1,1,0,1.000000
16_20,"High Court of Tripura",2006,1,1,0,1.000000
16_20,"High Court of Tripura",2008,1,1,0,1.000000
16_20,"High Court of Tripura",2010,2,2,0,1.000000
16_20,"High Court of Tripura",2011,2,2,0,1.000000
16_20,"High Court of Tripura",2012,7,7,0,1.000000
16_20,"High Court of Tripura",2013,1387,1387,0,1.000000
16_20,"High Court of Tripura",2014,3150,3150,0,1.000000
16_20,"High Court of Tripura",2015,3895,3895,0,1.000000
16_20,"High Court of Tripura",2016,3438,3438,0,1.000000
16_20,"High Court of Tripura",2017,2511,2510,1,0.999602
16_20,"High Court of Tripura",2018,2107,2107,0,1.000000
16_20,"High Court of Tripura",2019,3083,3083,0,1.000000
16_20,"High Court of Tripura",2020,2221,2221,0,1.000000
16_20,"High Court of Tripura",2021,2707,2707,0,1.000000
16_20,"High Court of Tripura",2022,2433,2433,0,1.000000
16_20,"High Court of Tripura",2023,2242,2242,0,1.000000
16_20,"High Court of Tripura",2024,2149,2149,0,1.000000
16_20,"High Court of Tripura",2025,1601,1601,0,1.000000
16_20,"High Court of Tripura",2026,931,931,0,1.000000
17_21,"High Court of Meghalaya",2010,4,4,0,1.000000
17_21,"High Court of Meghalaya",2011,27,27,0,1.000000
17_21,"High Court of Meghalaya",2012,32,32,0,1.000000
17_21,"High Court of Meghalaya",2013,308,308,0,1.000000
17_21,"High Court of Meghalaya",2014,351,350,1,0.997151
17_21,"High Court of Meghalaya",2015,217,217,0,1.000000
17_21,"High Court of Meghalaya",2016,604,604,0,1.000000
17_21,"High Court of Meghalaya",2017,695,695,0,1.000000
17_21,"High Court of Meghalaya",2018,867,867,0,1.000000
17_21,"High Court of Meghalaya",2019,1183,1183,0,1.000000
17_21,"High Court of Meghalaya",2020,617,617,0,1.000000
17_21,"High Court of Meghalaya",2021,961,961,0,1.000000
17_21,"High Court of Meghalaya",2022,1497,1497,0,1.000000
17_21,"High Court of Meghalaya",2023,1476,1476,0,1.000000
17_21,"High Court of Meghalaya",2024,1446,1446,0,1.000000
17_21,"High Court of Meghalaya",2025,1414,1414,0,1.000000
17_21,"High Court of Meghalaya",2026,984,984,0,1.000000
18_6,"Gauhati High Court",1988,1,1,0,1.000000
18_6,"Gauhati High Court",1993,1,1,0,1.000000
18_6,"Gauhati High Court",1995,1,1,0,1.000000
18_6,"Gauhati High Court",1998,4,0,4,0.000000
18_6,"Gauhati High Court",1999,6,0,6,0.000000
18_6,"Gauhati High Court",2000,44,0,44,0.000000
18_6,"Gauhati High Court",2001,75,0,75,0.000000
18_6,"Gauhati High Court",2002,76,0,76,0.000000
18_6,"Gauhati High Court",2003,42,0,42,0.000000
18_6,"Gauhati High Court",2004,55,0,55,0.000000
18_6,"Gauhati High Court",2005,68,0,68,0.000000
18_6,"Gauhati High Court",2006,114,0,114,0.000000
18_6,"Gauhati High Court",2007,1492,0,1492,0.000000
18_6,"Gauhati High Court",2008,1186,0,1186,0.000000
18_6,"Gauhati High Court",2009,1391,0,1391,0.000000
18_6,"Gauhati High Court",2010,5190,0,5190,0.000000
18_6,"Gauhati High Court",2011,12586,0,12586,0.000000
18_6,"Gauhati High Court",2012,16751,0,16751,0.000000
18_6,"Gauhati High Court",2013,18890,0,18890,0.000000
18_6,"Gauhati High Court",2014,16187,0,16187,0.000000
18_6,"Gauhati High Court",2015,16090,0,16090,0.000000
18_6,"Gauhati High Court",2016,12997,0,12997,0.000000
18_6,"Gauhati High Court",2017,14082,0,14082,0.000000
18_6,"Gauhati High Court",2018,22842,0,22842,0.000000
18_6,"Gauhati High Court",2019,24683,19925,4758,0.807236
18_6,"Gauhati High Court",2020,15840,15840,0,1.000000
18_6,"Gauhati High Court",2021,19707,19706,1,0.999949
18_6,"Gauhati High Court",2022,26000,25997,3,0.999885
18_6,"Gauhati High Court",2023,27799,27799,0,1.000000
18_6,"Gauhati High Court",2024,27102,26441,661,0.975611
18_6,"Gauhati High Court",2025,26470,26469,1,0.999962
18_6,"Gauhati High Court",2026,14535,14533,2,0.999862
19_16,"Calcutta High Court",1950,2,2,0,1.000000
19_16,"Calcutta High Court",1952,2,2,0,1.000000
19_16,"Calcutta High Court",1954,1,1,0,1.000000
19_16,"Calcutta High Court",1960,1,1,0,1.000000
19_16,"Calcutta High Court",1963,4,4,0,1.000000
19_16,"Calcutta High Court",1964,2,2,0,1.000000
19_16,"Calcutta High Court",1966,1,1,0,1.000000
19_16,"Calcutta High Court",1967,2,2,0,1.000000
19_16,"Calcutta High Court",1968,2,2,0,1.000000
19_16,"Calcutta High Court",1969,2,2,0,1.000000
19_16,"Calcutta High Court",1970,1,1,0,1.000000
19_16,"Calcutta High Court",1972,1,1,0,1.000000
19_16,"Calcutta High Court",1973,3,3,0,1.000000
19_16,"Calcutta High Court",1974,1,1,0,1.000000
19_16,"Calcutta High Court",1975,1,1,0,1.000000
19_16,"Calcutta High Court",1977,3,3,0,1.000000
19_16,"Calcutta High Court",1978,4,4,0,1.000000
19_16,"Calcutta High Court",1979,2,2,0,1.000000
19_16,"Calcutta High Court",1980,1,1,0,1.000000
19_16,"Calcutta High Court",1982,3,3,0,1.000000
19_16,"Calcutta High Court",1983,2,2,0,1.000000
19_16,"Calcutta High Court",1985,4,4,0,1.000000
19_16,"Calcutta High Court",1986,6,6,0,1.000000
19_16,"Calcutta High Court",1987,2,2,0,1.000000
19_16,"Calcutta High Court",1988,6,6,0,1.000000
19_16,"Calcutta High Court",1989,2,2,0,1.000000
19_16,"Calcutta High Court",1990,2,2,0,1.000000
19_16,"Calcutta High Court",1991,2,2,0,1.000000
19_16,"Calcutta High Court",1992,3,3,0,1.000000
19_16,"Calcutta High Court",1994,1,1,0,1.000000
19_16,"Calcutta High Court",1995,5,5,0,1.000000
19_16,"Calcutta High Court",1996,9,0,9,0.000000
19_16,"Calcutta High Court",1997,24,0,24,0.000000
19_16,"Calcutta High Court",1998,14,0,14,0.000000
19_16,"Calcutta High Court",1999,38,0,38,0.000000
19_16,"Calcutta High Court",2000,45,0,45,0.000000
19_16,"Calcutta High Court",2001,44,0,44,0.000000
19_16,"Calcutta High Court",2002,27,0,27,0.000000
19_16,"Calcutta High Court",2003,53,0,53,0.000000
19_16,"Calcutta High Court",2004,72,0,72,0.000000
19_16,"Calcutta High Court",2005,94,0,94,0.000000
19_16,"Calcutta High Court",2006,73,0,73,0.000000
19_16,"Calcutta High Court",2007,193,0,193,0.000000
19_16,"Calcutta High Court",2008,233,0,233,0.000000
19_16,"Calcutta High Court",2009,181,0,181,0.000000
19_16,"Calcutta High Court",2010,199,0,199,0.000000
19_16,"Calcutta High Court",2011,125,0,125,0.000000
19_16,"Calcutta High Court",2012,134,0,134,0.000000
19_16,"Calcutta High Court",2013,207,0,207,0.000000
19_16,"Calcutta High Court",2014,1595,0,1595,0.000000
19_16,"Calcutta High Court",2015,311,0,311,0.000000
19_16,"Calcutta High Court",2016,300,0,300,0.000000
19_16,"Calcutta High Court",2017,375,0,375,0.000000
19_16,"Calcutta High Court",2018,556,0,556,0.000000
19_16,"Calcutta High Court",2019,2157,0,2157,0.000000
19_16,"Calcutta High Court",2020,9733,0,9733,0.000000
19_16,"Calcutta High Court",2021,51186,0,51186,0.000000
19_16,"Calcutta High Court",2022,82498,0,82498,0.000000
19_16,"Calcutta High Court",2023,85323,2797,82526,0.032781
19_16,"Calcutta High Court",2024,68643,68633,10,0.999854
19_16,"Calcutta High Court",2025,69210,69188,22,0.999682
19_16,"Calcutta High Court",2026,36432,36430,2,0.999945
2_5,"High Court of Himachal Pradesh",1970,1,1,0,1.000000
2_5,"High Court of Himachal Pradesh",1978,1,1,0,1.000000
2_5,"High Court of Himachal Pradesh",1987,1,1,0,1.000000
2_5,"High Court of Himachal Pradesh",1993,1,1,0,1.000000
2_5,"High Court of Himachal Pradesh",1994,4,4,0,1.000000
2_5,"High Court of Himachal Pradesh",1995,2,2,0,1.000000
2_5,"High Court of Himachal Pradesh",1996,5,5,0,1.000000
2_5,"High Court of Himachal Pradesh",1997,14,14,0,1.000000
2_5,"High Court of Himachal Pradesh",1998,10,10,0,1.000000
2_5,"High Court of Himachal Pradesh",1999,21,21,0,1.000000
2_5,"High Court of Himachal Pradesh",2000,8,8,0,1.000000
2_5,"High Court of Himachal Pradesh",2001,28,28,0,1.000000
2_5,"High Court of Himachal Pradesh",2002,19,19,0,1.000000
2_5,"High Court of Himachal Pradesh",2003,19,19,0,1.000000
2_5,"High Court of Himachal Pradesh",2004,36,36,0,1.000000
2_5,"High Court of Himachal Pradesh",2005,55,55,0,1.000000
2_5,"High Court of Himachal Pradesh",2006,697,696,1,0.998565
2_5,"High Court of Himachal Pradesh",2007,2956,2956,0,1.000000
2_5,"High Court of Himachal Pradesh",2008,5182,5182,0,1.000000
2_5,"High Court of Himachal Pradesh",2009,7411,7411,0,1.000000
2_5,"High Court of Himachal Pradesh",2010,13935,13935,0,1.000000
2_5,"High Court of Himachal Pradesh",2011,12174,12174,0,1.000000
2_5,"High Court of Himachal Pradesh",2012,14454,14453,1,0.999931
2_5,"High Court of Himachal Pradesh",2013,13136,13136,0,1.000000
2_5,"High Court of Himachal Pradesh",2014,13157,13157,0,1.000000
2_5,"High Court of Himachal Pradesh",2015,15213,15211,2,0.999869
2_5,"High Court of Himachal Pradesh",2016,11362,11362,0,1.000000
2_5,"High Court of Himachal Pradesh",2017,8724,8724,0,1.000000
2_5,"High Court of Himachal Pradesh",2018,10244,10244,0,1.000000
2_5,"High Court of Himachal Pradesh",2019,11879,11878,1,0.999916
2_5,"High Court of Himachal Pradesh",2020,9697,9697,0,1.000000
2_5,"High Court of Himachal Pradesh",2021,13354,13354,0,1.000000
2_5,"High Court of Himachal Pradesh",2022,16501,16501,0,1.000000
2_5,"High Court of Himachal Pradesh",2023,20635,20634,1,0.999952
2_5,"High Court of Himachal Pradesh",2024,27911,27910,1,0.999964
2_5,"High Court of Himachal Pradesh",2025,36137,36128,9,0.999751
2_5,"High Court of Himachal Pradesh",2026,22104,22095,9,0.999593
20_7,"High Court of Jharkhand",1989,2,2,0,1.000000
20_7,"High Court of Jharkhand",1992,1,1,0,1.000000
20_7,"High Court of Jharkhand",1993,1,1,0,1.000000
20_7,"High Court of Jharkhand",1994,3,3,0,1.000000
20_7,"High Court of Jharkhand",1995,1,1,0,1.000000
20_7,"High Court of Jharkhand",1998,4,0,4,0.000000
20_7,"High Court of Jharkhand",1999,5,0,5,0.000000
20_7,"High Court of Jharkhand",2000,10,0,10,0.000000
20_7,"High Court of Jharkhand",2001,4,0,4,0.000000
20_7,"High Court of Jharkhand",2002,5,0,5,0.000000
20_7,"High Court of Jharkhand",2003,7,0,7,0.000000
20_7,"High Court of Jharkhand",2004,15,0,15,0.000000
20_7,"High Court of Jharkhand",2005,18,0,18,0.000000
20_7,"High Court of Jharkhand",2006,11,0,11,0.000000
20_7,"High Court of Jharkhand",2007,18,0,18,0.000000
20_7,"High Court of Jharkhand",2008,18,0,18,0.000000
20_7,"High Court of Jharkhand",2009,13,0,13,0.000000
20_7,"High Court of Jharkhand",2010,57,0,57,0.000000
20_7,"High Court of Jharkhand",2011,67,0,67,0.000000
20_7,"High Court of Jharkhand",2012,6016,0,6016,0.000000
20_7,"High Court of Jharkhand",2013,13758,0,13758,0.000000
20_7,"High Court of Jharkhand",2014,19388,0,19388,0.000000
20_7,"High Court of Jharkhand",2015,27200,0,27200,0.000000
20_7,"High Court of Jharkhand",2016,25060,0,25060,0.000000
20_7,"High Court of Jharkhand",2017,28319,0,28319,0.000000
20_7,"High Court of Jharkhand",2018,31325,0,31325,0.000000
20_7,"High Court of Jharkhand",2019,40951,0,40951,0.000000
20_7,"High Court of Jharkhand",2020,27496,0,27496,0.000000
20_7,"High Court of Jharkhand",2021,39649,28191,11458,0.711014
20_7,"High Court of Jharkhand",2022,44410,44400,10,0.999775
20_7,"High Court of Jharkhand",2023,46010,46010,0,1.000000
20_7,"High Court of Jharkhand",2024,46520,46519,1,0.999979
20_7,"High Court of Jharkhand",2025,40974,40942,32,0.999219
20_7,"High Court of Jharkhand",2026,22365,22364,1,0.999955
21_11,"Orissa High Court",1970,1,1,0,1.000000
21_11,"Orissa High Court",1974,1,1,0,1.000000
21_11,"Orissa High Court",1976,1,1,0,1.000000
21_11,"Orissa High Court",1978,1,1,0,1.000000
21_11,"Orissa High Court",1990,1,1,0,1.000000
21_11,"Orissa High Court",1992,4,4,0,1.000000
21_11,"Orissa High Court",1993,5,5,0,1.000000
21_11,"Orissa High Court",1994,6,6,0,1.000000
21_11,"Orissa High Court",1995,19,19,0,1.000000
21_11,"Orissa High Court",1996,46,0,46,0.000000
21_11,"Orissa High Court",1997,38,0,38,0.000000
21_11,"Orissa High Court",1998,56,0,56,0.000000
21_11,"Orissa High Court",1999,74,0,74,0.000000
21_11,"Orissa High Court",2000,67,0,67,0.000000
21_11,"Orissa High Court",2001,61,0,61,0.000000
21_11,"Orissa High Court",2002,75,0,75,0.000000
21_11,"Orissa High Court",2003,87,0,87,0.000000
21_11,"Orissa High Court",2004,77,0,77,0.000000
21_11,"Orissa High Court",2005,128,0,128,0.000000
21_11,"Orissa High Court",2006,163,0,163,0.000000
21_11,"Orissa High Court",2007,140,0,140,0.000000
21_11,"Orissa High Court",2008,168,0,168,0.000000
21_11,"Orissa High Court",2009,304,0,304,0.000000
21_11,"Orissa High Court",2010,705,0,705,0.000000
21_11,"Orissa High Court",2011,727,0,727,0.000000
21_11,"Orissa High Court",2012,855,0,855,0.000000
21_11,"Orissa High Court",2013,3351,0,3351,0.000000
21_11,"Orissa High Court",2014,2576,0,2576,0.000000
21_11,"Orissa High Court",2015,24289,0,24289,0.000000
21_11,"Orissa High Court",2016,52246,0,52246,0.000000
21_11,"Orissa High Court",2017,39323,0,39323,0.000000
21_11,"Orissa High Court",2018,30249,0,30249,0.000000
21_11,"Orissa High Court",2019,59712,0,59712,0.000000
21_11,"Orissa High Court",2020,50510,0,50510,0.000000
21_11,"Orissa High Court",2021,93187,0,93187,0.000000
21_11,"Orissa High Court",2022,116446,0,116446,0.000000
21_11,"Orissa High Court",2023,111641,0,111641,0.000000
21_11,"Orissa High Court",2024,90078,30548,59530,0.339128
21_11,"Orissa High Court",2025,75365,34366,40999,0.455994
21_11,"Orissa High Court",2026,42310,41849,461,0.989104
22_18,"High Court Of Chhattisgarh",1963,1,1,0,1.000000
22_18,"High Court Of Chhattisgarh",1970,1,1,0,1.000000
22_18,"High Court Of Chhattisgarh",1991,1,1,0,1.000000
22_18,"High Court Of Chhattisgarh",1994,1,1,0,1.000000
22_18,"High Court Of Chhattisgarh",1996,1,0,1,0.000000
22_18,"High Court Of Chhattisgarh",1999,2,0,2,0.000000
22_18,"High Court Of Chhattisgarh",2000,49,0,49,0.000000
22_18,"High Court Of Chhattisgarh",2001,701,0,701,0.000000
22_18,"High Court Of Chhattisgarh",2002,544,0,544,0.000000
22_18,"High Court Of Chhattisgarh",2003,1683,0,1683,0.000000
22_18,"High Court Of Chhattisgarh",2004,2278,0,2278,0.000000
22_18,"High Court Of Chhattisgarh",2005,10925,0,10925,0.000000
22_18,"High Court Of Chhattisgarh",2006,8892,0,8892,0.000000
22_18,"High Court Of Chhattisgarh",2007,25568,0,25568,0.000000
22_18,"High Court Of Chhattisgarh",2008,10448,0,10448,0.000000
22_18,"High Court Of Chhattisgarh",2009,27715,0,27715,0.000000
22_18,"High Court Of Chhattisgarh",2010,33082,0,33082,0.000000
22_18,"High Court Of Chhattisgarh",2011,15531,0,15531,0.000000
22_18,"High Court Of Chhattisgarh",2012,38086,0,38086,0.000000
22_18,"High Court Of Chhattisgarh",2013,36741,11578,25163,0.315125
22_18,"High Court Of Chhattisgarh",2014,35195,18001,17194,0.511465
22_18,"High Court Of Chhattisgarh",2015,20182,20182,0,1.000000
22_18,"High Court Of Chhattisgarh",2016,26244,0,26244,0.000000
22_18,"High Court Of Chhattisgarh",2017,30079,0,30079,0.000000
22_18,"High Court Of Chhattisgarh",2018,35894,0,35894,0.000000
22_18,"High Court Of Chhattisgarh",2019,37977,0,37977,0.000000
22_18,"High Court Of Chhattisgarh",2020,23012,0,23012,0.000000
22_18,"High Court Of Chhattisgarh",2021,29848,0,29848,0.000000
22_18,"High Court Of Chhattisgarh",2022,32216,0,32216,0.000000
22_18,"High Court Of Chhattisgarh",2023,42179,23895,18284,0.566514
22_18,"High Court Of Chhattisgarh",2024,50880,50866,14,0.999725
22_18,"High Court Of Chhattisgarh",2025,61311,61302,9,0.999853
22_18,"High Court Of Chhattisgarh",2026,32056,32053,3,0.999906
23_23,"High Court of Madhya Pradesh",1996,1,0,1,0.000000
23_23,"High Court of Madhya Pradesh",2000,21,0,21,0.000000
23_23,"High Court of Madhya Pradesh",2002,1,0,1,0.000000
23_23,"High Court of Madhya Pradesh",2004,1,0,1,0.000000
23_23,"High Court of Madhya Pradesh",2007,2,0,2,0.000000
23_23,"High Court of Madhya Pradesh",2009,6,0,6,0.000000
23_23,"High Court of Madhya Pradesh",2010,55,0,55,0.000000
23_23,"High Court of Madhya Pradesh",2011,1489,0,1489,0.000000
23_23,"High Court of Madhya Pradesh",2012,14642,0,14642,0.000000
23_23,"High Court of Madhya Pradesh",2013,14696,0,14696,0.000000
23_23,"High Court of Madhya Pradesh",2014,27406,0,27406,0.000000
23_23,"High Court of Madhya Pradesh",2015,46511,0,46511,0.000000
23_23,"High Court of Madhya Pradesh",2016,51785,0,51785,0.000000
23_23,"High Court of Madhya Pradesh",2017,44325,43444,881,0.980124
23_23,"High Court of Madhya Pradesh",2018,57164,57143,21,0.999633
23_23,"High Court of Madhya Pradesh",2019,60600,60595,5,0.999917
23_23,"High Court of Madhya Pradesh",2020,40771,40770,1,0.999975
23_23,"High Court of Madhya Pradesh",2021,57467,57466,1,0.999983
23_23,"High Court of Madhya Pradesh",2022,100143,100143,0,1.000000
23_23,"High Court of Madhya Pradesh",2023,121072,121072,0,1.000000
23_23,"High Court of Madhya Pradesh",2024,28167,12277,15890,0.435865
23_23,"High Court of Madhya Pradesh",2025,23528,184,23344,0.007820
23_23,"High Court of Madhya Pradesh",2026,3571,93,3478,0.026043
24_17,"High Court of Gujarat",1982,1,1,0,1.000000
24_17,"High Court of Gujarat",1986,1,1,0,1.000000
24_17,"High Court of Gujarat",1987,1,1,0,1.000000
24_17,"High Court of Gujarat",1988,2,2,0,1.000000
24_17,"High Court of Gujarat",1992,3,3,0,1.000000
24_17,"High Court of Gujarat",1993,126,126,0,1.000000
24_17,"High Court of Gujarat",1994,19,19,0,1.000000
24_17,"High Court of Gujarat",1995,344,344,0,1.000000
24_17,"High Court of Gujarat",1996,4109,0,4109,0.000000
24_17,"High Court of Gujarat",1997,6396,0,6396,0.000000
24_17,"High Court of Gujarat",1998,5973,0,5973,0.000000
24_17,"High Court of Gujarat",1999,5047,0,5047,0.000000
24_17,"High Court of Gujarat",2000,9301,0,9301,0.000000
24_17,"High Court of Gujarat",2001,6872,0,6872,0.000000
24_17,"High Court of Gujarat",2002,5191,0,5191,0.000000
24_17,"High Court of Gujarat",2003,4778,0,4778,0.000000
24_17,"High Court of Gujarat",2004,6254,0,6254,0.000000
24_17,"High Court of Gujarat",2005,8800,0,8800,0.000000
24_17,"High Court of Gujarat",2006,7960,0,7960,0.000000
24_17,"High Court of Gujarat",2007,7357,0,7357,0.000000
24_17,"High Court of Gujarat",2008,10484,0,10484,0.000000
24_17,"High Court of Gujarat",2009,4,0,4,0.000000
24_17,"High Court of Gujarat",2010,9,0,9,0.000000
24_17,"High Court of Gujarat",2011,29,0,29,0.000000
24_17,"High Court of Gujarat",2012,11956,0,11956,0.000000
24_17,"High Court of Gujarat",2013,9297,0,9297,0.000000
24_17,"High Court of Gujarat",2014,12559,0,12559,0.000000
24_17,"High Court of Gujarat",2015,9024,0,9024,0.000000
24_17,"High Court of Gujarat",2016,289,289,0,1.000000
24_17,"High Court of Gujarat",2017,348,348,0,1.000000
24_17,"High Court of Gujarat",2018,45595,45595,0,1.000000
24_17,"High Court of Gujarat",2019,61925,61922,3,0.999952
24_17,"High Court of Gujarat",2020,40943,40943,0,1.000000
24_17,"High Court of Gujarat",2021,53369,53366,3,0.999944
24_17,"High Court of Gujarat",2022,68450,68450,0,1.000000
24_17,"High Court of Gujarat",2023,4513,4513,0,1.000000
24_17,"High Court of Gujarat",2024,1760,1760,0,1.000000
24_17,"High Court of Gujarat",2025,7473,7473,0,1.000000
24_17,"High Court of Gujarat",2026,5479,5473,6,0.998905
27_1,"Bombay High Court",1950,5,5,0,1.000000
27_1,"Bombay High Court",1952,2,2,0,1.000000
27_1,"Bombay High Court",1953,2,2,0,1.000000
27_1,"Bombay High Court",1954,2,2,0,1.000000
27_1,"Bombay High Court",1955,5,5,0,1.000000
27_1,"Bombay High Court",1956,4,4,0,1.000000
27_1,"Bombay High Court",1957,1,1,0,1.000000
27_1,"Bombay High Court",1958,1,1,0,1.000000
27_1,"Bombay High Court",1959,2,2,0,1.000000
27_1,"Bombay High Court",1960,3,2,1,0.666667
27_1,"Bombay High Court",1961,5,3,2,0.600000
27_1,"Bombay High Court",1962,5,4,1,0.800000
27_1,"Bombay High Court",1963,4,4,0,1.000000
27_1,"Bombay High Court",1964,4,4,0,1.000000
27_1,"Bombay High Court",1965,1,1,0,1.000000
27_1,"Bombay High Court",1966,3,3,0,1.000000
27_1,"Bombay High Court",1967,8,8,0,1.000000
27_1,"Bombay High Court",1968,1,1,0,1.000000
27_1,"Bombay High Court",1969,4,4,0,1.000000
27_1,"Bombay High Court",1970,4,4,0,1.000000
27_1,"Bombay High Court",1971,5,5,0,1.000000
27_1,"Bombay High Court",1972,2,2,0,1.000000
27_1,"Bombay High Court",1974,1,0,1,0.000000
27_1,"Bombay High Court",1975,8,8,0,1.000000
27_1,"Bombay High Court",1976,6,6,0,1.000000
27_1,"Bombay High Court",1978,2,2,0,1.000000
27_1,"Bombay High Court",1980,6,4,2,0.666667
27_1,"Bombay High Court",1981,4,3,1,0.750000
27_1,"Bombay High Court",1982,2,2,0,1.000000
27_1,"Bombay High Court",1983,8,5,3,0.625000
27_1,"Bombay High Court",1984,8,8,0,1.000000
27_1,"Bombay High Court",1985,9,9,0,1.000000
27_1,"Bombay High Court",1986,5,5,0,1.000000
27_1,"Bombay High Court",1987,7,7,0,1.000000
27_1,"Bombay High Court",1988,9,8,1,0.888889
27_1,"Bombay High Court",1989,20,19,1,0.950000
27_1,"Bombay High Court",1990,17,16,1,0.941176
27_1,"Bombay High Court",1991,14,15,-1,1.071429
27_1,"Bombay High Court",1992,18,18,0,1.000000
27_1,"Bombay High Court",1993,276,39,237,0.141304
27_1,"Bombay High Court",1994,77,71,6,0.922078
27_1,"Bombay High Court",1995,195,12,183,0.061538
27_1,"Bombay High Court",1996,131,5,126,0.038168
27_1,"Bombay High Court",1997,161,6,155,0.037267
27_1,"Bombay High Court",1998,191,7,184,0.036649
27_1,"Bombay High Court",1999,167,6,161,0.035928
27_1,"Bombay High Court",2000,266,30,236,0.112782
27_1,"Bombay High Court",2001,322,29,293,0.090062
27_1,"Bombay High Court",2002,949,44,905,0.046365
27_1,"Bombay High Court",2003,1784,44,1740,0.024664
27_1,"Bombay High Court",2004,14957,26,14931,0.001738
27_1,"Bombay High Court",2005,53120,0,53120,0.000000
27_1,"Bombay High Court",2006,51154,0,51154,0.000000
27_1,"Bombay High Court",2007,57332,0,57332,0.000000
27_1,"Bombay High Court",2008,64470,0,64470,0.000000
27_1,"Bombay High Court",2009,84068,0,84068,0.000000
27_1,"Bombay High Court",2010,92521,0,92521,0.000000
27_1,"Bombay High Court",2011,95091,0,95091,0.000000
27_1,"Bombay High Court",2012,88769,0,88769,0.000000
27_1,"Bombay High Court",2013,93732,0,93732,0.000000
27_1,"Bombay High Court",2014,93860,53106,40754,0.565800
27_1,"Bombay High Court",2015,99191,86438,12753,0.871430
27_1,"Bombay High Court",2016,100858,0,100858,0.000000
27_1,"Bombay High Court",2017,102443,0,102443,0.000000
27_1,"Bombay High Court",2018,100910,0,100910,0.000000
27_1,"Bombay High Court",2019,106890,0,106890,0.000000
27_1,"Bombay High Court",2020,35796,0,35796,0.000000
27_1,"Bombay High Court",2021,70644,0,70644,0.000000
27_1,"Bombay High Court",2022,105682,83381,22301,0.788980
27_1,"Bombay High Court",2023,127700,95351,32349,0.746680
27_1,"Bombay High Court",2024,277355,0,277355,0.000000
27_1,"Bombay High Court",2025,382619,230159,152460,0.601536
27_1,"Bombay High Court",2026,117768,87239,30529,0.740770
28_2,"High Court of Andhra Pradesh",1995,1,0,1,0.000000
28_2,"High Court of Andhra Pradesh",1996,1,0,1,0.000000
28_2,"High Court of Andhra Pradesh",1999,1,0,1,0.000000
28_2,"High Court of Andhra Pradesh",2000,4,0,4,0.000000
28_2,"High Court of Andhra Pradesh",2001,5,0,5,0.000000
28_2,"High Court of Andhra Pradesh",2002,13,0,13,0.000000
28_2,"High Court of Andhra Pradesh",2003,12,0,12,0.000000
28_2,"High Court of Andhra Pradesh",2004,14,0,14,0.000000
28_2,"High Court of Andhra Pradesh",2005,13,0,13,0.000000
28_2,"High Court of Andhra Pradesh",2006,14,0,14,0.000000
28_2,"High Court of Andhra Pradesh",2007,18,0,18,0.000000
28_2,"High Court of Andhra Pradesh",2008,21,0,21,0.000000
28_2,"High Court of Andhra Pradesh",2009,17,0,17,0.000000
28_2,"High Court of Andhra Pradesh",2010,35,0,35,0.000000
28_2,"High Court of Andhra Pradesh",2011,73,0,73,0.000000
28_2,"High Court of Andhra Pradesh",2012,63,0,63,0.000000
28_2,"High Court of Andhra Pradesh",2013,79,0,79,0.000000
28_2,"High Court of Andhra Pradesh",2014,81,0,81,0.000000
28_2,"High Court of Andhra Pradesh",2015,110,0,110,0.000000
28_2,"High Court of Andhra Pradesh",2016,120,0,120,0.000000
28_2,"High Court of Andhra Pradesh",2017,107,0,107,0.000000
28_2,"High Court of Andhra Pradesh",2018,174,0,174,0.000000
28_2,"High Court of Andhra Pradesh",2019,13302,0,13302,0.000000
28_2,"High Court of Andhra Pradesh",2020,24330,10070,14260,0.413892
28_2,"High Court of Andhra Pradesh",2021,29772,29436,336,0.988714
28_2,"High Court of Andhra Pradesh",2022,46038,0,46038,0.000000
28_2,"High Court of Andhra Pradesh",2023,99768,0,99768,0.000000
28_2,"High Court of Andhra Pradesh",2024,56751,29255,27496,0.515498
28_2,"High Court of Andhra Pradesh",2025,59201,58502,699,0.988193
28_2,"High Court of Andhra Pradesh",2026,25934,25931,3,0.999884
29_3,"High Court of Karnataka",1997,2,0,2,0.000000
29_3,"High Court of Karnataka",1998,1243,0,1243,0.000000
29_3,"High Court of Karnataka",1999,9,0,9,0.000000
29_3,"High Court of Karnataka",2000,3,0,3,0.000000
29_3,"High Court of Karnataka",2001,3,0,3,0.000000
29_3,"High Court of Karnataka",2002,3,0,3,0.000000
29_3,"High Court of Karnataka",2003,1,0,1,0.000000
29_3,"High Court of Karnataka",2004,8,0,8,0.000000
29_3,"High Court of Karnataka",2005,9,0,9,0.000000
29_3,"High Court of Karnataka",2006,13,0,13,0.000000
29_3,"High Court of Karnataka",2007,29,0,29,0.000000
29_3,"High Court of Karnataka",2008,103,0,103,0.000000
29_3,"High Court of Karnataka",2009,321,0,321,0.000000
29_3,"High Court of Karnataka",2010,529,0,529,0.000000
29_3,"High Court of Karnataka",2011,2260,0,2260,0.000000
29_3,"High Court of Karnataka",2012,39508,0,39508,0.000000
29_3,"High Court of Karnataka",2013,58227,0,58227,0.000000
29_3,"High Court of Karnataka",2014,63091,0,63091,0.000000
29_3,"High Court of Karnataka",2015,59815,12648,47167,0.211452
29_3,"High Court of Karnataka",2016,53101,0,53101,0.000000
29_3,"High Court of Karnataka",2017,50190,0,50190,0.000000
29_3,"High Court of Karnataka",2018,53070,0,53070,0.000000
29_3,"High Court of Karnataka",2019,68489,0,68489,0.000000
29_3,"High Court of Karnataka",2020,46835,0,46835,0.000000
29_3,"High Court of Karnataka",2021,77129,0,77129,0.000000
29_3,"High Court of Karnataka",2022,74702,0,74702,0.000000
29_3,"High Court of Karnataka",2023,80102,0,80102,0.000000
29_3,"High Court of Karnataka",2024,91855,84490,7365,0.919819
29_3,"High Court of Karnataka",2025,91473,91466,7,0.999923
29_3,"High Court of Karnataka",2026,43486,43380,106,0.997562
3_22,"High Court of Punjab and Haryana",1950,6,6,0,1.000000
3_22,"High Court of Punjab and Haryana",1951,4,4,0,1.000000
3_22,"High Court of Punjab and Haryana",1952,2,2,0,1.000000
3_22,"High Court of Punjab and Haryana",1983,1,1,0,1.000000
3_22,"High Court of Punjab and Haryana",1984,2,2,0,1.000000
3_22,"High Court of Punjab and Haryana",1986,1,1,0,1.000000
3_22,"High Court of Punjab and Haryana",1987,1,1,0,1.000000
3_22,"High Court of Punjab and Haryana",1988,4,4,0,1.000000
3_22,"High Court of Punjab and Haryana",1989,8,8,0,1.000000
3_22,"High Court of Punjab and Haryana",1990,14,14,0,1.000000
3_22,"High Court of Punjab and Haryana",1991,10,10,0,1.000000
3_22,"High Court of Punjab and Haryana",1992,18,18,0,1.000000
3_22,"High Court of Punjab and Haryana",1993,11,11,0,1.000000
3_22,"High Court of Punjab and Haryana",1994,11,11,0,1.000000
3_22,"High Court of Punjab and Haryana",1995,30,0,30,0.000000
3_22,"High Court of Punjab and Haryana",1996,19,0,19,0.000000
3_22,"High Court of Punjab and Haryana",1997,24,0,24,0.000000
3_22,"High Court of Punjab and Haryana",1998,48,0,48,0.000000
3_22,"High Court of Punjab and Haryana",1999,73,0,73,0.000000
3_22,"High Court of Punjab and Haryana",2000,61,0,61,0.000000
3_22,"High Court of Punjab and Haryana",2001,97,0,97,0.000000
3_22,"High Court of Punjab and Haryana",2002,68,0,68,0.000000
3_22,"High Court of Punjab and Haryana",2003,106,0,106,0.000000
3_22,"High Court of Punjab and Haryana",2004,94,0,94,0.000000
3_22,"High Court of Punjab and Haryana",2005,98,0,98,0.000000
3_22,"High Court of Punjab and Haryana",2006,7008,0,7008,0.000000
3_22,"High Court of Punjab and Haryana",2007,7027,0,7027,0.000000
3_22,"High Court of Punjab and Haryana",2008,18904,0,18904,0.000000
3_22,"High Court of Punjab and Haryana",2009,46096,0,46096,0.000000
3_22,"High Court of Punjab and Haryana",2010,56102,0,56102,0.000000
3_22,"High Court of Punjab and Haryana",2011,68559,0,68559,0.000000
3_22,"High Court of Punjab and Haryana",2012,85301,0,85301,0.000000
3_22,"High Court of Punjab and Haryana",2013,95949,0,95949,0.000000
3_22,"High Court of Punjab and Haryana",2014,103796,80365,23431,0.774259
3_22,"High Court of Punjab and Haryana",2015,110668,110668,0,1.000000
3_22,"High Court of Punjab and Haryana",2016,107677,0,107677,0.000000
3_22,"High Court of Punjab and Haryana",2017,100426,0,100426,0.000000
3_22,"High Court of Punjab and Haryana",2018,119171,0,119171,0.000000
3_22,"High Court of Punjab and Haryana",2019,120442,0,120442,0.000000
3_22,"High Court of Punjab and Haryana",2020,67756,0,67756,0.000000
3_22,"High Court of Punjab and Haryana",2021,81072,0,81072,0.000000
3_22,"High Court of Punjab and Haryana",2022,133062,131954,1108,0.991673
3_22,"High Court of Punjab and Haryana",2023,149388,149230,158,0.998942
3_22,"High Court of Punjab and Haryana",2024,154801,2999,151802,0.019373
3_22,"High Court of Punjab and Haryana",2025,145495,72659,72836,0.499392
3_22,"High Court of Punjab and Haryana",2026,80717,64679,16038,0.801306
32_4,"High Court of Kerala",1950,1,1,0,1.000000
32_4,"High Court of Kerala",1951,2,2,0,1.000000
32_4,"High Court of Kerala",1952,3,3,0,1.000000
32_4,"High Court of Kerala",1953,3,3,0,1.000000
32_4,"High Court of Kerala",1954,9,9,0,1.000000
32_4,"High Court of Kerala",1955,12,12,0,1.000000
32_4,"High Court of Kerala",1956,7,7,0,1.000000
32_4,"High Court of Kerala",1957,1,1,0,1.000000
32_4,"High Court of Kerala",1958,6,6,0,1.000000
32_4,"High Court of Kerala",1970,1,1,0,1.000000
32_4,"High Court of Kerala",1973,1,1,0,1.000000
32_4,"High Court of Kerala",1978,1,1,0,1.000000
32_4,"High Court of Kerala",1980,4,4,0,1.000000
32_4,"High Court of Kerala",1982,1,1,0,1.000000
32_4,"High Court of Kerala",1985,7,7,0,1.000000
32_4,"High Court of Kerala",1987,1,1,0,1.000000
32_4,"High Court of Kerala",1997,2,0,2,0.000000
32_4,"High Court of Kerala",1998,1,0,1,0.000000
32_4,"High Court of Kerala",1999,2,0,2,0.000000
32_4,"High Court of Kerala",2000,2,0,2,0.000000
32_4,"High Court of Kerala",2001,3,0,3,0.000000
32_4,"High Court of Kerala",2002,2,0,2,0.000000
32_4,"High Court of Kerala",2003,2,0,2,0.000000
32_4,"High Court of Kerala",2004,1,0,1,0.000000
32_4,"High Court of Kerala",2005,41,0,41,0.000000
32_4,"High Court of Kerala",2006,5451,0,5451,0.000000
32_4,"High Court of Kerala",2007,50141,0,50141,0.000000
32_4,"High Court of Kerala",2008,56088,0,56088,0.000000
32_4,"High Court of Kerala",2009,50186,0,50186,0.000000
32_4,"High Court of Kerala",2010,49209,0,49209,0.000000
32_4,"High Court of Kerala",2011,49793,0,49793,0.000000
32_4,"High Court of Kerala",2012,51632,0,51632,0.000000
32_4,"High Court of Kerala",2013,48135,10396,37739,0.215976
32_4,"High Court of Kerala",2014,50511,50493,18,0.999644
32_4,"High Court of Kerala",2015,54264,54264,0,1.000000
32_4,"High Court of Kerala",2016,55621,37436,18185,0.673055
32_4,"High Court of Kerala",2017,52399,0,52399,0.000000
32_4,"High Court of Kerala",2018,69094,0,69094,0.000000
32_4,"High Court of Kerala",2019,76082,0,76082,0.000000
32_4,"High Court of Kerala",2020,49034,0,49034,0.000000
32_4,"High Court of Kerala",2021,55193,4792,50401,0.086823
32_4,"High Court of Kerala",2022,76737,76736,1,0.999987
32_4,"High Court of Kerala",2023,83859,83857,2,0.999976
32_4,"High Court of Kerala",2024,45796,45795,1,0.999978
32_4,"High Court of Kerala",2025,6818,6818,0,1.000000
32_4,"High Court of Kerala",2026,67,67,0,1.000000
33_10,"Madras High Court",1953,1,1,0,1.000000
33_10,"Madras High Court",1995,1,0,1,0.000000
33_10,"Madras High Court",1996,2,0,2,0.000000
33_10,"Madras High Court",1997,1,0,1,0.000000
33_10,"Madras High Court",1999,1,0,1,0.000000
33_10,"Madras High Court",2000,9,0,9,0.000000
33_10,"Madras High Court",2001,57,0,57,0.000000
33_10,"Madras High Court",2002,1027,0,1027,0.000000
33_10,"Madras High Court",2003,1096,0,1096,0.000000
33_10,"Madras High Court",2004,984,0,984,0.000000
33_10,"Madras High Court",2005,567,0,567,0.000000
33_10,"Madras High Court",2006,2480,0,2480,0.000000
33_10,"Madras High Court",2007,3181,0,3181,0.000000
33_10,"Madras High Court",2008,3533,0,3533,0.000000
33_10,"Madras High Court",2009,4028,0,4028,0.000000
33_10,"Madras High Court",2010,5304,0,5304,0.000000
33_10,"Madras High Court",2011,20607,0,20607,0.000000
33_10,"Madras High Court",2012,8080,0,8080,0.000000
33_10,"Madras High Court",2013,30981,0,30981,0.000000
33_10,"Madras High Court",2014,38380,0,38380,0.000000
33_10,"Madras High Court",2015,66466,0,66466,0.000000
33_10,"Madras High Court",2016,88387,0,88387,0.000000
33_10,"Madras High Court",2017,92056,0,92056,0.000000
33_10,"Madras High Court",2018,110439,0,110439,0.000000
33_10,"Madras High Court",2019,124776,0,124776,0.000000
33_10,"Madras High Court",2020,93305,0,93305,0.000000
33_10,"Madras High Court",2021,136922,0,136922,0.000000
33_10,"Madras High Court",2022,174573,65974,108599,0.377916
33_10,"Madras High Court",2023,181272,147125,34147,0.811626
33_10,"Madras High Court",2024,177560,17180,160380,0.096756
33_10,"Madras High Court",2025,221936,59246,162690,0.266951
33_10,"Madras High Court",2026,108905,108776,129,0.998815
36_29,"High Court  for State of Telangana",1963,1,1,0,1.000000
36_29,"High Court  for State of Telangana",1991,1,1,0,1.000000
36_29,"High Court  for State of Telangana",1993,6,6,0,1.000000
36_29,"High Court  for State of Telangana",1994,13,13,0,1.000000
36_29,"High Court  for State of Telangana",1995,17,0,17,0.000000
36_29,"High Court  for State of Telangana",1996,33,0,33,0.000000
36_29,"High Court  for State of Telangana",1997,44,0,44,0.000000
36_29,"High Court  for State of Telangana",1998,45,0,45,0.000000
36_29,"High Court  for State of Telangana",1999,55,0,55,0.000000
36_29,"High Court  for State of Telangana",2000,47,0,47,0.000000
36_29,"High Court  for State of Telangana",2001,115,0,115,0.000000
36_29,"High Court  for State of Telangana",2002,183,0,183,0.000000
36_29,"High Court  for State of Telangana",2003,352,0,352,0.000000
36_29,"High Court  for State of Telangana",2004,19465,0,19465,0.000000
36_29,"High Court  for State of Telangana",2005,27968,0,27968,0.000000
36_29,"High Court  for State of Telangana",2006,25374,0,25374,0.000000
36_29,"High Court  for State of Telangana",2007,32391,0,32391,0.000000
36_29,"High Court  for State of Telangana",2008,28270,0,28270,0.000000
36_29,"High Court  for State of Telangana",2009,32418,0,32418,0.000000
36_29,"High Court  for State of Telangana",2010,53885,0,53885,0.000000
36_29,"High Court  for State of Telangana",2011,60507,0,60507,0.000000
36_29,"High Court  for State of Telangana",2012,59864,0,59864,0.000000
36_29,"High Court  for State of Telangana",2013,53775,24198,29577,0.449986
36_29,"High Court  for State of Telangana",2014,63466,63465,1,0.999984
36_29,"High Court  for State of Telangana",2015,59091,59090,1,0.999983
36_29,"High Court  for State of Telangana",2016,66149,0,66149,0.000000
36_29,"High Court  for State of Telangana",2017,59242,0,59242,0.000000
36_29,"High Court  for State of Telangana",2018,66725,0,66725,0.000000
36_29,"High Court  for State of Telangana",2019,33967,0,33967,0.000000
36_29,"High Court  for State of Telangana",2020,22207,0,22207,0.000000
36_29,"High Court  for State of Telangana",2021,39728,0,39728,0.000000
36_29,"High Court  for State of Telangana",2022,71594,67257,4337,0.939422
36_29,"High Court  for State of Telangana",2023,66857,65782,1075,0.983921
36_29,"High Court  for State of Telangana",2024,38931,0,38931,0.000000
36_29,"High Court  for State of Telangana",2025,50795,37323,13472,0.734777
36_29,"High Court  for State of Telangana",2026,10630,10566,64,0.993979
5_15,"High Court of Uttarakhand",1950,189,189,0,1.000000
5_15,"High Court of Uttarakhand",1987,1,1,0,1.000000
5_15,"High Court of Uttarakhand",1996,1,1,0,1.000000
5_15,"High Court of Uttarakhand",1997,7,7,0,1.000000
5_15,"High Court of Uttarakhand",1998,5,5,0,1.000000
5_15,"High Court of Uttarakhand",1999,67,67,0,1.000000
5_15,"High Court of Uttarakhand",2000,44,44,0,1.000000
5_15,"High Court of Uttarakhand",2001,1647,1646,1,0.999393
5_15,"High Court of Uttarakhand",2002,2241,2240,1,0.999554
5_15,"High Court of Uttarakhand",2003,5175,5175,0,1.000000
5_15,"High Court of Uttarakhand",2004,5186,5186,0,1.000000
5_15,"High Court of Uttarakhand",2005,3957,3956,1,0.999747
5_15,"High Court of Uttarakhand",2006,10719,10719,0,1.000000
5_15,"High Court of Uttarakhand",2007,4081,4081,0,1.000000
5_15,"High Court of Uttarakhand",2008,8026,8026,0,1.000000
5_15,"High Court of Uttarakhand",2009,4383,4383,0,1.000000
5_15,"High Court of Uttarakhand",2010,8256,8256,0,1.000000
5_15,"High Court of Uttarakhand",2011,5671,5671,0,1.000000
5_15,"High Court of Uttarakhand",2012,8163,8163,0,1.000000
5_15,"High Court of Uttarakhand",2013,11452,11452,0,1.000000
5_15,"High Court of Uttarakhand",2014,9198,9198,0,1.000000
5_15,"High Court of Uttarakhand",2015,9296,9296,0,1.000000
5_15,"High Court of Uttarakhand",2016,8311,8311,0,1.000000
5_15,"High Court of Uttarakhand",2017,10990,10990,0,1.000000
5_15,"High Court of Uttarakhand",2018,10701,10701,0,1.000000
5_15,"High Court of Uttarakhand",2019,15547,15547,0,1.000000
5_15,"High Court of Uttarakhand",2020,9595,9595,0,1.000000
5_15,"High Court of Uttarakhand",2021,12416,12416,0,1.000000
5_15,"High Court of Uttarakhand",2022,14922,14921,1,0.999933
5_15,"High Court of Uttarakhand",2023,14570,14570,0,1.000000
5_15,"High Court of Uttarakhand",2024,14710,14709,1,0.999932
5_15,"High Court of Uttarakhand",2025,16794,16794,0,1.000000
5_15,"High Court of Uttarakhand",2026,9313,9312,1,0.999893
7_26,"High Court of Delhi",1960,1,1,0,1.000000
7_26,"High Court of Delhi",1966,1,1,0,1.000000
7_26,"High Court of Delhi",1996,3,0,3,0.000000
7_26,"High Court of Delhi",1997,6,0,6,0.000000
7_26,"High Court of Delhi",1998,9,0,9,0.000000
7_26,"High Court of Delhi",1999,11,0,11,0.000000
7_26,"High Court of Delhi",2000,9,0,9,0.000000
7_26,"High Court of Delhi",2001,26,0,26,0.000000
7_26,"High Court of Delhi",2002,52,0,52,0.000000
7_26,"High Court of Delhi",2003,98,0,98,0.000000
7_26,"High Court of Delhi",2004,108,0,108,0.000000
7_26,"High Court of Delhi",2005,157,0,157,0.000000
7_26,"High Court of Delhi",2006,276,0,276,0.000000
7_26,"High Court of Delhi",2007,1295,0,1295,0.000000
7_26,"High Court of Delhi",2008,2507,0,2507,0.000000
7_26,"High Court of Delhi",2009,4594,0,4594,0.000000
7_26,"High Court of Delhi",2010,6854,0,6854,0.000000
7_26,"High Court of Delhi",2011,15288,0,15288,0.000000
7_26,"High Court of Delhi",2012,11602,0,11602,0.000000
7_26,"High Court of Delhi",2013,9467,0,9467,0.000000
7_26,"High Court of Delhi",2014,7112,0,7112,0.000000
7_26,"High Court of Delhi",2015,17235,0,17235,0.000000
7_26,"High Court of Delhi",2016,42347,0,42347,0.000000
7_26,"High Court of Delhi",2017,37214,16587,20627,0.445719
7_26,"High Court of Delhi",2018,40321,40291,30,0.999256
7_26,"High Court of Delhi",2019,27239,27239,0,1.000000
7_26,"High Court of Delhi",2020,13117,13114,3,0.999771
7_26,"High Court of Delhi",2021,4577,4574,3,0.999345
7_26,"High Court of Delhi",2022,5024,5022,2,0.999602
7_26,"High Court of Delhi",2023,8465,8463,2,0.999764
7_26,"High Court of Delhi",2024,50462,50273,189,0.996255
7_26,"High Court of Delhi",2025,50414,38656,11758,0.766771
7_26,"High Court of Delhi",2026,27713,27276,437,0.984231
8_9,"High Court Of Rajasthan",1989,1,1,0,1.000000
8_9,"High Court Of Rajasthan",1990,1,1,0,1.000000
8_9,"High Court Of Rajasthan",1992,1,1,0,1.000000
8_9,"High Court Of Rajasthan",1994,1,1,0,1.000000
8_9,"High Court Of Rajasthan",1995,1,0,1,0.000000
8_9,"High Court Of Rajasthan",1996,4,0,4,0.000000
8_9,"High Court Of Rajasthan",1997,4,0,4,0.000000
8_9,"High Court Of Rajasthan",1998,3,0,3,0.000000
8_9,"High Court Of Rajasthan",1999,7,0,7,0.000000
8_9,"High Court Of Rajasthan",2000,7,0,7,0.000000
8_9,"High Court Of Rajasthan",2001,12,0,12,0.000000
8_9,"High Court Of Rajasthan",2002,11,0,11,0.000000
8_9,"High Court Of Rajasthan",2003,18,0,18,0.000000
8_9,"High Court Of Rajasthan",2004,727,0,727,0.000000
8_9,"High Court Of Rajasthan",2005,1643,0,1643,0.000000
8_9,"High Court Of Rajasthan",2006,7890,0,7890,0.000000
8_9,"High Court Of Rajasthan",2007,14596,0,14596,0.000000
8_9,"High Court Of Rajasthan",2008,15968,0,15968,0.000000
8_9,"High Court Of Rajasthan",2009,17146,0,17146,0.000000
8_9,"High Court Of Rajasthan",2010,13436,0,13436,0.000000
8_9,"High Court Of Rajasthan",2011,17316,0,17316,0.000000
8_9,"High Court Of Rajasthan",2012,27386,0,27386,0.000000
8_9,"High Court Of Rajasthan",2013,22476,5588,16888,0.248621
8_9,"High Court Of Rajasthan",2014,48607,48557,50,0.998971
8_9,"High Court Of Rajasthan",2015,59668,59664,4,0.999933
8_9,"High Court Of Rajasthan",2016,67588,0,67588,0.000000
8_9,"High Court Of Rajasthan",2017,99660,0,99660,0.000000
8_9,"High Court Of Rajasthan",2018,90032,0,90032,0.000000
8_9,"High Court Of Rajasthan",2019,79635,0,79635,0.000000
8_9,"High Court Of Rajasthan",2020,57130,0,57130,0.000000
8_9,"High Court Of Rajasthan",2021,83274,15199,68075,0.182518
8_9,"High Court Of Rajasthan",2022,93383,93383,0,1.000000
8_9,"High Court Of Rajasthan",2023,119187,119173,14,0.999883
8_9,"High Court Of Rajasthan",2024,91384,91379,5,0.999945
8_9,"High Court Of Rajasthan",2025,48884,48884,0,1.000000
8_9,"High Court Of Rajasthan",2026,18460,18457,3,0.999837
9_13,"Allahabad High Court",1987,1,1,0,1.000000
9_13,"Allahabad High Court",1989,2,2,0,1.000000
9_13,"Allahabad High Court",1992,2,2,0,1.000000
9_13,"Allahabad High Court",1993,1,1,0,1.000000
9_13,"Allahabad High Court",1995,1,0,1,0.000000
9_13,"Allahabad High Court",1996,5,0,5,0.000000
9_13,"Allahabad High Court",1997,5,0,5,0.000000
9_13,"Allahabad High Court",1999,4,0,4,0.000000
9_13,"Allahabad High Court",2000,3,0,3,0.000000
9_13,"Allahabad High Court",2001,7,0,7,0.000000
9_13,"Allahabad High Court",2002,8,0,8,0.000000
9_13,"Allahabad High Court",2003,7,0,7,0.000000
9_13,"Allahabad High Court",2004,13,0,13,0.000000
9_13,"Allahabad High Court",2005,13,0,13,0.000000
9_13,"Allahabad High Court",2006,9,0,9,0.000000
9_13,"Allahabad High Court",2007,8,0,8,0.000000
9_13,"Allahabad High Court",2008,16,0,16,0.000000
9_13,"Allahabad High Court",2009,17,0,17,0.000000
9_13,"Allahabad High Court",2010,32,0,32,0.000000
9_13,"Allahabad High Court",2011,18,0,18,0.000000
9_13,"Allahabad High Court",2012,21,0,21,0.000000
9_13,"Allahabad High Court",2013,26,0,26,0.000000
9_13,"Allahabad High Court",2014,48,0,48,0.000000
9_13,"Allahabad High Court",2015,29,0,29,0.000000
9_13,"Allahabad High Court",2016,67,67,0,1.000000
9_13,"Allahabad High Court",2017,1961,1954,7,0.996430
9_13,"Allahabad High Court",2018,456951,8,456943,0.000018
9_13,"Allahabad High Court",2019,468045,209,467836,0.000447
9_13,"Allahabad High Court",2020,251574,4,251570,0.000016
9_13,"Allahabad High Court",2021,351964,345,351619,0.000980
9_13,"Allahabad High Court",2022,525018,177744,347274,0.338548
9_13,"Allahabad High Court",2023,534053,313595,220458,0.587198
9_13,"Allahabad High Court",2024,264889,0,264889,0.000000
9_13,"Allahabad High Court",2025,487750,176494,311256,0.361853
9_13,"Allahabad High Court",2026,151424,145770,5654,0.962661
